{"cameraMode":{"drawMode":0,"name":"Shaded","section":"Shading Mode"},"sceneLighting":true,"audioPlay":false,"sceneViewState":{"m_AlwaysRefresh":false,"showFog":true,"showSkybox":true,"showFlares":true,"showImageEffects":true,"showParticleSystems":true,"showVisualEffectGraphs":true,"m_FxEnabled":true},"in2DMode":false,"pivot":{"x":14.036446571350098,"y":7.933312892913818,"z":-26.802505493164064},"rotation":{"x":0.006545649841427803,"y":0.9914827942848206,"z":0.0547756589949131,"w":-0.11837806552648545},"size":27.23008155822754,"orthographic":false}