{"cameraMode":{"drawMode":0,"name":"Shaded","section":"Shading Mode"},"sceneLighting":true,"audioPlay":false,"sceneViewState":{"showFog":true,"showMaterialUpdate":false,"showSkybox":true,"showFlares":true,"showImageEffects":true,"showParticleSystems":true},"in2DMode":false,"pivot":{"x":-68.71324920654297,"y":-27.642520904541017,"z":-37.89886474609375},"rotation":{"x":-0.09237778931856156,"y":0.8432067632675171,"z":-0.1537138819694519,"w":-0.5068223476409912},"size":58.79924392700195,"orthographic":false}