{"cameraMode":{"drawMode":0,"name":"Shaded","section":"Shading Mode"},"sceneLighting":true,"audioPlay":false,"sceneViewState":{"m_AlwaysRefresh":false,"showFog":true,"showSkybox":true,"showFlares":true,"showImageEffects":true,"showParticleSystems":true,"showVisualEffectGraphs":true,"m_FxEnabled":true},"in2DMode":false,"pivot":{"x":0.24264508485794068,"y":1.221820592880249,"z":0.18606546521186829},"rotation":{"x":-0.09847147762775421,"y":0.9011663794517517,"z":-0.28469884395599368,"w":-0.3116961121559143},"size":2.531172037124634,"orthographic":false}